{"c2array":true,"size":[445,3,1],"data":[[[303],[320],[4984]],[[302],[352],[5016]],[[301],[384],[5048]],[[300],[416],[5080]],[[299],[448],[5112]],[[298],[480],[5144]],[[297],[512],[5176]],[[296],[544],[5208]],[[295],[576],[5240]],[[294],[608],[5272]],[[293],[640],[5304]],[[292],[672],[5336]],[[291],[704],[5368]],[[290],[736],[5400]],[[289],[768],[5432]],[[288],[800],[5464]],[[287],[832],[5496]],[[286],[864],[5528]],[["point"],[864],[5544]],[[285],[848],[5560]],[[284],[816],[5592]],[[283],[784],[5624]],[["point"],[788.4644658428459],[5628.464465842846]],[[282],[816],[5656]],[[281],[848],[5688]],[[280],[880],[5720]],[[279],[912],[5752]],[["gem"],[923.5355341571557],[5772.464465842844]],[["point"],[920],[5776]],[[278],[912],[5784]],[[277],[880],[5816]],[[276],[848],[5848]],[[275],[816],[5880]],[[274],[784],[5912]],[["gem"],[784.9289316856887],[5912.928931685688]],[["point"],[788.4644658428443],[5916.464465842844]],[[273],[816],[5944]],[[272],[848],[5976]],[[271],[880],[6008]],[["gem"],[912],[6040]],[[270],[912],[6040]],[["point"],[907.5355341571557],[6044.464465842844]],[[269],[880],[6072]],[[268],[848],[6104]],[[267],[816],[6136]],[[266],[784],[6168]],[["gem"],[768.9289316856887],[6184.928931685688]],[["point"],[772.4644658428443],[6188.464465842844]],[[265],[784],[6200]],[[264],[816],[6232]],[["point"],[824],[6256]],[["gem"],[823.0710683143113],[6256.928931685688]],[[263],[816],[6264]],[[262],[784],[6296]],[["point"],[768],[6328]],[[261],[768],[6328]],[["gem"],[768.9289316856903],[6328.92893168569]],[[260],[800],[6360]],[[259],[832],[6392]],[["gem"],[831.0710683143097],[6392.92893168569]],[["point"],[831.0710683143097],[6392.92893168569]],[[258],[800],[6424]],[[257],[768],[6456]],[["point"],[776],[6464]],[["gem"],[776.9289316856903],[6464.92893168569]],[[256],[800],[6488]],[[255],[832],[6520]],[["gem"],[839.0710683143097],[6528.92893168569]],[["point"],[835.5355341571557],[6532.464465842844]],[[254],[816],[6552]],[[253],[784],[6584]],[["gem"],[768],[6600]],[["point"],[768.9289316856887],[6600.928931685688]],[[252],[784],[6616]],[[251],[816],[6648]],[[250],[848],[6680]],[[249],[880],[6712]],[["point"],[899.5355341571557],[6740.464465842844]],[["gem"],[896],[6744]],[[248],[896],[6744]],[[247],[864],[6776]],[[246],[832],[6808]],[["point"],[832.9289316856887],[6808.928931685688]],[["gem"],[832.9289316856887],[6808.928931685688]],[[245],[864],[6840]],[["gem"],[896],[6872]],[[244],[896],[6872]],[["point"],[895.0710683143128],[6872.928931685687]],[[243],[864],[6904]],[[242],[832],[6936]],[["gem"],[824.9289316856887],[6944.928931685688]],[["point"],[828.4644658428443],[6948.464465842844]],[[241],[848],[6968]],[[240],[880],[7000]],[["gem"],[896.9289316856903],[7016.92893168569]],[[239],[912],[7032]],[[238],[944],[7064]],[["point"],[955.5355341571557],[7084.464465842844]],[[237],[944],[7096]],[[236],[912],[7128]],[["gem"],[891.5355341571571],[7148.464465842842]],[[235],[880],[7160]],[[234],[848],[7192]],[[233],[816],[7224]],[["point"],[816.9289316856887],[7224.928931685688]],[[232],[848],[7256]],[[231],[880],[7288]],[["point"],[872],[7296]],[["gem"],[871.0710683143113],[7296.928931685688]],[[230],[848],[7320]],[[229],[816],[7352]],[["gem"],[804.4644658428443],[7372.464465842844]],[["point"],[808],[7376]],[[228],[816],[7384]],[[227],[848],[7416]],[["gem"],[859.5355341571557],[7436.464465842844]],[["point"],[856],[7440]],[[226],[848],[7448]],[[225],[816],[7480]],[[224],[784],[7512]],[["point"],[788.4644658428443],[7516.464465842844]],[[223],[816],[7544]],[[222],[848],[7576]],[["gem"],[856],[7584]],[[221],[880],[7608]],[[220],[912],[7640]],[["point"],[907.5355341571557],[7644.464465842844]],[[219],[880],[7672]],[[218],[848],[7704]],[["gem"],[840.9289316856887],[7712.928931685688]],[["point"],[844.4644658428443],[7716.464465842844]],[[217],[864],[7736]],[[216],[896],[7768]],[[215],[928],[7800]],[[214],[960],[7832]],[[213],[992],[7864]],[["gem"],[995.5355341571557],[7876.464465842844]],[["point"],[995.5355341571557],[7876.464465842844]],[[212],[976],[7896]],[[211],[944],[7928]],[[210],[912],[7960]],[[209],[880],[7992]],[["point"],[868.4644658428459],[8012.464465842846]],[["gem"],[868.4644658428459],[8012.464465842846]],[[208],[880],[8024]],[[207],[912],[8056]],[[206],[944],[8088]],[[205],[976],[8120]],[[204],[1008],[8152]],[["gem"],[1031.0710683143097],[8176.92893168569]],[["point"],[1027.5355341571542],[8180.464465842846]],[[203],[1024],[8184]],[[202],[992],[8216]],[[201],[960],[8248]],[[200],[928],[8280]],[["point"],[912.9289316856887],[8296.928931685688]],[["gem"],[920],[8304]],[[199],[928],[8312]],[[198],[960],[8344]],[["point"],[963.5355341571557],[8356.464465842844]],[[197],[944],[8376]],[[196],[912],[8408]],[["point"],[896],[8440]],[[195],[896],[8440]],[[194],[928],[8472]],[[193],[960],[8504]],[["point"],[960],[8520]],[[192],[944],[8536]],[[191],[912],[8568]],[["point"],[896.9289316856887],[8584.928931685688]],[["gem"],[900.4644658428443],[8588.464465842844]],[[190],[912],[8600]],[[189],[944],[8632]],[[188],[976],[8664]],[[187],[1008],[8696]],[[186],[1040],[8728]],[["gem"],[1044.4644658428444],[8732.464465842844]],[["point"],[1059.5355341571556],[8756.464465842844]],[[185],[1056],[8760]],[[184],[1024],[8792]],[[183],[992],[8824]],[[182],[960],[8856]],[["point"],[948.4644658428443],[8876.464465842844]],[["gem"],[952],[8880]],[[181],[960],[8888]],[[180],[992],[8920]],[[179],[1024],[8952]],[["point"],[1023.0710683143113],[8952.928931685688]],[[178],[992],[8984]],[[177],[960],[9016]],[["point"],[956.4644658428443],[9028.464465842844]],[[176],[976],[9048]],[[175],[1008],[9080]],[["point"],[1027.5355341571556],[9108.464465842844]],[[174],[1024],[9112]],[[173],[992],[9144]],[[172],[960],[9176]],[["point"],[960],[9192]],[[171],[976],[9208]],[[170],[1008],[9240]],[[169],[1040],[9272]],[["point"],[1032],[9280]],[[168],[1008],[9304]],[["point"],[1012.4644658428443],[9308.464465842844]],[[167],[1040],[9336]],[[166],[1072],[9368]],[[165],[1104],[9400]],[[164],[1136],[9432]],[[163],[1168],[9464]],[["point"],[1179.5355341571556],[9484.464465842844]],[[162],[1168],[9496]],[[161],[1136],[9528]],[[160],[1104],[9560]],[["point"],[1092.4644658428444],[9580.464465842844]],[[159],[1104],[9592]],[["point"],[1112],[9616]],[[158],[1104],[9624]],[[157],[1072],[9656]],[[156],[1040],[9688]],[[155],[1008],[9720]],[["gem"],[983.0710683143113],[9744.928931685688]],[[154],[976],[9752]],[[153],[944],[9784]],[[152],[912],[9816]],[[151],[880],[9848]],[["point"],[864.9289316856887],[9864.928931685688]],[[150],[880],[9880]],[["point"],[891.5355341571557],[9900.464465842844]],[[149],[880],[9912]],[[148],[848],[9944]],[[147],[816],[9976]],[[146],[784],[10008]],[["point"],[764.4644658428443],[10036.464465842844]],[[145],[768],[10040]],[[144],[800],[10072]],[[143],[832],[10104]],[[142],[864],[10136]],[["point"],[856],[10144]],[[141],[832],[10168]],[["point"],[828.4644658428435],[10180.464465842844]],[[140],[848],[10200]],[[139],[880],[10232]],[[138],[912],[10264]],[[137],[944],[10296]],[["point"],[947.5355341571557],[10308.464465842844]],[[136],[928],[10328]],[[135],[896],[10360]],[["point"],[896],[10376]],[["gem"],[896],[10376]],[[134],[912],[10392]],[[133],[944],[10424]],[["point"],[963.5355341571549],[10452.464465842846]],[[132],[960],[10456]],[[131],[928],[10488]],[["point"],[904.9289316856887],[10512.92893168569]],[[130],[912],[10520]],[["gem"],[912.9289316856895],[10520.92893168569]],[[129],[944],[10552]],[[128],[976],[10584]],[["point"],[971.5355341571557],[10588.464465842844]],[[127],[944],[10616]],[[126],[912],[10648]],[["point"],[912.9289316856895],[10648.92893168569]],[["gem"],[916.4644658428451],[10652.464465842846]],[[125],[944],[10680]],[[124],[976],[10712]],[["point"],[976],[10728]],[["gem"],[975.0710683143113],[10728.928931685688]],[[123],[960],[10744]],[[122],[928],[10776]],[["point"],[916.4644658428451],[10796.464465842846]],[[121],[928],[10808]],[[120],[960],[10840]],[["point"],[968],[10864]],[[119],[960],[10872]],[[118],[928],[10904]],[[117],[896],[10936]],[["point"],