{"c2array":true,"size":[436,3,1],"data":[[[351],[1472],[3448]],[[350],[1440],[3480]],[[349],[1408],[3512]],[[348],[1376],[3544]],[[347],[1344],[3576]],[[346],[1312],[3608]],[[345],[1280],[3640]],[[344],[1248],[3672]],[[343],[1216],[3704]],[[342],[1184],[3736]],[[341],[1152],[3768]],[[340],[1120],[3800]],[[339],[1088],[3832]],[[338],[1056],[3864]],[[337],[1024],[3896]],[["point"],[1024.9289316856887],[3896.928931685689]],[[336],[1056],[3928]],[[335],[1088],[3960]],[[334],[1120],[3992]],[["point"],[1120],[4008]],[[333],[1104],[4024]],[[332],[1072],[4056]],[[331],[1040],[4088]],[["point"],[1032],[4112]],[[330],[1040],[4120]],[[329],[1072],[4152]],[[328],[1104],[4184]],[["point"],[1119.0710683143113],[4200.928931685688]],[[327],[1104],[4216]],[[326],[1072],[4248]],[[325],[1040],[4280]],[[324],[1008],[4312]],[[323],[976],[4344]],[[322],[944],[4376]],[[321],[912],[4408]],[[320],[880],[4440]],[["point"],[880.9289316856888],[4440.928931685688]],[[319],[912],[4472]],[[318],[944],[4504]],[[317],[976],[4536]],[[316],[1008],[4568]],[[315],[1040],[4600]],[[314],[1072],[4632]],[[313],[1104],[4664]],[[312],[1136],[4696]],[[311],[1168],[4728]],[["point"],[1176],[4752]],[[310],[1168],[4760]],[[309],[1136],[4792]],[["gem"],[1112],[4816]],[[308],[1104],[4824]],[[307],[1072],[4856]],[[306],[1040],[4888]],[[305],[1008],[4920]],[["point"],[1000],[4944]],[[304],[1008],[4952]],[[303],[1040],[4984]],[["gem"],[1056],[5000]],[[302],[1072],[5016]],[[301],[1104],[5048]],[[300],[1136],[5080]],[["point"],[1136],[5096]],[[299],[1120],[5112]],[[298],[1088],[5144]],[[297],[1056],[5176]],[[296],[1024],[5208]],[["gem"],[1000],[5232]],[[295],[992],[5240]],[[294],[960],[5272]],[[293],[928],[5304]],[["point"],[924.4644658428459],[5316.464465842846]],[[292],[944],[5336]],[[291],[976],[5368]],[[290],[1008],[5400]],[[289],[1040],[5432]],[[288],[1072],[5464]],[[287],[1104],[5496]],[[286],[1136],[5528]],[[285],[1168],[5560]],[[284],[1200],[5592]],[["point"],[1215.071068314311],[5608.928931685688]],[[283],[1200],[5624]],[[282],[1168],[5656]],[[281],[1136],[5688]],[[280],[1104],[5720]],[[279],[1072],[5752]],[[278],[1040],[5784]],[["point"],[1032],[5808]],[["gem"],[1032.9289316856873],[5808.928931685687]],[[277],[1040],[5816]],[[276],[1072],[5848]],[[275],[1104],[5880]],[["point"],[1107.5355341571556],[5892.464465842844]],[["gem"],[1107.5355341571556],[5892.464465842844]],[[274],[1088],[5912]],[[273],[1056],[5944]],[[272],[1024],[5976]],[[271],[992],[6008]],[[270],[960],[6040]],[[269],[928],[6072]],[["point"],[912.9289316856872],[6088.928931685687]],[["gem"],[912.9289316856872],[6088.928931685687]],[[268],[928],[6104]],[[267],[960],[6136]],[["gem"],[976.9289316856887],[6152.928931685688]],[["point"],[979.5355341571557],[6164.464465842844]],[[266],[976],[6168]],[[265],[944],[6200]],[[264],[912],[6232]],[[263],[880],[6264]],[[262],[848],[6296]],[[261],[816],[6328]],[[260],[784],[6360]],[["point"],[780.4644658428459],[6372.464465842846]],[[259],[800],[6392]],[[258],[832],[6424]],[["point"],[847.0710683143113],[6440.928931685688]],[[257],[832],[6456]],[[256],[800],[6488]],[["point"],[784],[6520]],[[255],[784],[6520]],[[254],[816],[6552]],[[253],[848],[6584]],[[252],[880],[6616]],[[251],[912],[6648]],[["point"],[935.0710683143097],[6672.92893168569]],[[250],[928],[6680]],[[249],[896],[6712]],[["gem"],[875.5355341571557],[6732.464465842844]],[[248],[864],[6744]],[[247],[832],[6776]],[[246],[800],[6808]],[[245],[768],[6840]],[[244],[736],[6872]],[[243],[704],[6904]],[[242],[672],[6936]],[[241],[640],[6968]],[[240],[608],[7000]],[[239],[576],[7032]],[[238],[544],[7064]],[[237],[512],[7096]],[["point"],[500.4644658428444],[7116.464465842844]],[[236],[512],[7128]],[[235],[544],[7160]],[[234],[576],[7192]],[["point"],[599.0710683143128],[7216.928931685687]],[[233],[592],[7224]],[[232],[560],[7256]],[[231],[528],[7288]],[["point"],[516.4644658428443],[7308.464465842844]],[[230],[528],[7320]],[[229],[560],[7352]],[[228],[592],[7384]],[[227],[624],[7416]],[[226],[656],[7448]],[[225],[688],[7480]],[["point"],[696],[7504]],[[224],[688],[7512]],[[223],[656],[7544]],[[222],[624],[7576]],[["gem"],[608],[7592]],[["point"],[608.9289316856903],[7592.92893168569]],[[221],[624],[7608]],[[220],[656],[7640]],[[219],[688],[7672]],[[218],[720],[7704]],[[217],[752],[7736]],[[216],[784],[7768]],[["point"],[803.5355341571571],[7796.464465842842]],[[215],[800],[7800]],[[214],[768],[7832]],[[213],[736],[7864]],[["point"],[736.9289316856888],[7864.928931685688]],[[212],[768],[7896]],[[211],[800],[7928]],[["point"],[811.5355341571557],[7948.464465842844]],[[210],[800],[7960]],[[209],[768],[7992]],[[208],[736],[8024]],[[207],[704],[8056]],[[206],[672],[8088]],[[205],[640],[8120]],[[204],[608],[8152]],[[203],[576],[8184]],[[202],[544],[8216]],[["point"],[552],[8224]],[[201],[576],[8248]],[[200],[608],[8280]],[[199],[640],[8312]],[["point"],[640],[8328]],[[198],[624],[8344]],[[197],[592],[8376]],[["point"],[584],[8400]],[[196],[592],[8408]],[[195],[624],[8440]],[[194],[656],[8472]],[["point"],[667.5355341571557],[8492.464465842844]],[[193],[656],[8504]],[[192],[624],[8536]],[[191],[592],[8568]],[[190],[560],[8600]],[[189],[528],[8632]],[["point"],[528],[8648]],[[188],[544],[8664]],[[187],[576],[8696]],[["point"],[599.0710683143112],[8720.928931685688]],[[186],[592],[8728]],[[185],[560],[8760]],[[184],[528],[8792]],[["point"],[512],[8824]],[[183],[512],[8824]],[[182],[544],[8856]],[[181],[576],[8888]],[[180],[608],[8920]],[[179],[640],[8952]],[["point"],[639.0710683143113],[8952.928931685688]],[[178],[608],[8984]],[[177],[576],[9016]],[[176],[544],[9048]],[["point"],[528.9289316856872],[9064.928931685687]],[[175],[544],[9080]],[[174],[576],[9112]],[[173],[608],[9144]],[[172],[640],[9176]],[[171],[672],[9208]],[[170],[704],[9240]],[[169],[736],[9272]],[[168],[768],[9304]],[[167],[800],[9336]],[[166],[832],[9368]],[["point"],[835.5355341571541],[9380.464465842846]],[[165],[816],[9400]],[[164],[784],[9432]],[[163],[752],[9464]],[[162],[720],[9496]],[["point"],[700.4644658428443],[9524.464465842844]],[[161],[704],[9528]],[[160],[736],[9560]],[[159],[768],[9592]],[[158],[800],[9624]],[[157],[832],[9656]],[["point"],[835.5355341571571],[9668.464465842842]],[[156],[816],[9688]],[[155],[784],[9720]],[[154],[752],[9752]],[[153],[720],[9784]],[["point"],[708.4644658428443],[9804.464465842844]],[["gem"],[712],[9808]],[[152],[720],[9816]],[[151],[752],[9848]],[[150],[784],[9880]],[[149],[816],[9912]],[[148],[848],[9944]],[["point"],[847.071068314312],[9944.928931685688]],[["gem"],[843.5355341571549],[9948.464465842846]],[[147],[816],[9976]],[[146],[784],[10008]],[[145],[752],[10040]],[[144],[720],[10072]],[["point"],[712.9289316856887],[10080.928931685688]],[["gem"],[716.4644658428443],[10084.464465842844]],[[143],[736],[10104]],[[142],[768],[10136]],[[141],[800],[10168]],[[140],[832],[10200]],[[139],[864],[10232]],[["point"],[859.5355341571557],[10236.464465842844]],[[138],[832],[10264]],[[137],[800],[10296]],[["point"],[800],[10312]],[[136],[816],[10328]],[[135],[848],[10360]],[[134],[880],[10392]],[[133],[912],[10424]],[[132],[944],[10456]],[[131],[976],[10488]],[[130],[1008],[10520]],[[129],[1040],[10552]],[[128],[1072],[10584]],[["point"],[1064],[10592]],[[127],[1040],[10616]],[[126],[1008],[10648]],[[125],[976],[10680]],[[124],[944],[10712]],[["point"],[924.4644658428443],[10740.464465842844]],[[123],[928],[10744]],[[122],[960],[10776]],[[121],[992],[10808]],[[120],[1024],[10840]],[["point"],[1043.5355341571556],[10868.464465842844]],[[119],[1040],[10872]],[[118],[1008],[10904]],[[117],[976],[10936]],[[116],[944],[10968]],[[115],[912],[11000]],[["point"],[896],[11032]],[[114],[896],[11032]],[[113],[928],[11064]],[[112],[960],[11096]],[["point"],[983.0710683143113],[11120.928931685688]],[[111],[976],[11128]],[[110],[944],[11160]],[[109],[912],[11192]],[[108],[880],[11224]],[[107],[848],[11256]],[["point"],[832],[11288]],[[106],[832],[11288]],[[105],[864],[11320]],[[104],[896],[11352]],[[103],[928],[11384]],[["point"],[935.0710683143113],