{"c2array":true,"size":[465,3,1],"data":[[[329],[1104],[4152]],[[328],[1072],[4184]],[[327],[1040],[4216]],[[326],[1008],[4248]],[[325],[976],[4280]],[[324],[944],[4312]],[[323],[912],[4344]],[[322],[880],[4376]],[[321],[848],[4408]],[[320],[816],[4440]],[[319],[784],[4472]],[[318],[752],[4504]],[[317],[720],[4536]],[[316],[688],[4568]],[["point"],[692.4644658428443],[4572.464465842844]],[["gem"],[696],[4576]],[[315],[720],[4600]],[[314],[752],[4632]],[[313],[784],[4664]],[[312],[816],[4696]],[["point"],[827.5355341571557],[4716.464465842844]],[["gem"],[824],[4720]],[[311],[816],[4728]],[[310],[784],[4760]],[[309],[752],[4792]],[[308],[720],[4824]],[["point"],[700.4644658428443],[4852.464465842844]],[["gem"],[704],[4856]],[[307],[704],[4856]],[[306],[736],[4888]],[[305],[768],[4920]],[[304],[800],[4952]],[[303],[832],[4984]],[["point"],[832],[5000]],[["gem"],[831.0710683143113],[5000.928931685688]],[[302],[816],[5016]],[[301],[784],[5048]],[[300],[752],[5080]],[[299],[720],[5112]],[["gem"],[696.9289316856887],[5136.928931685688]],[["point"],[704],[5144]],[[298],[704],[5144]],[[297],[736],[5176]],[[296],[768],[5208]],[[295],[800],[5240]],[[294],[832],[5272]],[["point"],[832],[5288]],[[293],[816],[5304]],[[292],[784],[5336]],[["point"],[760.9289316856903],[5360.92893168569]],[["gem"],[760.9289316856903],[5360.92893168569]],[[291],[768],[5368]],[[290],[800],[5400]],[[289],[832],[5432]],[["point"],[835.5355341571571],[5444.464465842842]],[["gem"],[835.5355341571571],[5444.464465842842]],[[288],[816],[5464]],[[287],[784],[5496]],[["point"],[760.9289316856887],[5520.928931685688]],[["gem"],[764.4644658428443],[5524.464465842844]],[[286],[768],[5528]],[[285],[800],[5560]],[[284],[832],[5592]],[["point"],[824],[5600]],[["gem"],[823.0710683143113],[5600.928931685688]],[[283],[800],[5624]],[[282],[768],[5656]],[[281],[736],[5688]],[[280],[704],[5720]],[["point"],[696],[5744]],[["gem"],[704],[5752]],[[279],[704],[5752]],[[278],[736],[5784]],[[277],[768],[5816]],[[276],[800],[5848]],[[275],[832],[5880]],[["point"],[831.0710683143112],[5880.928931685688]],[["gem"],[831.0710683143112],[5880.928931685688]],[[274],[800],[5912]],[[273],[768],[5944]],[[272],[736],[5976]],[[271],[704],[6008]],[[270],[672],[6040]],[["point"],[672.9289316856872],[6040.928931685687]],[["gem"],[676.4644658428429],[6044.464465842842]],[[269],[704],[6072]],[[268],[736],[6104]],[[267],[768],[6136]],[[266],[800],[6168]],[["point"],[807.0710683143113],[6176.928931685688]],[["gem"],[807.0710683143113],[6176.928931685688]],[[265],[784],[6200]],[[264],[752],[6232]],[[263],[720],[6264]],[[262],[688],[6296]],[[261],[656],[6328]],[["point"],[656],[6344]],[["gem"],[660.4644658428443],[6348.464465842844]],[[260],[672],[6360]],[[259],[704],[6392]],[[258],[736],[6424]],[[257],[768],[6456]],[["point"],[775.0710683143113],[6464.928931685688]],[["gem"],[771.5355341571557],[6468.464465842844]],[[256],[752],[6488]],[[255],[720],[6520]],[["point"],[700.4644658428443],[6548.464465842844]],[[254],[704],[6552]],[[253],[736],[6584]],[[252],[768],[6616]],[["gem"],[775.0710683143113],[6624.928931685688]],[["point"],[771.5355341571557],[6628.464465842844]],[[251],[752],[6648]],[[250],[720],[6680]],[[249],[688],[6712]],[[248],[656],[6744]],[["gem"],[655.0710683143113],[6744.928931685688]],[["point"],[648.9289316856887],[6752.928931685688]],[[247],[672],[6776]],[[246],[704],[6808]],[[245],[736],[6840]],[["point"],[731.5355341571541],[6844.464465842846]],[[244],[704],[6872]],[[243],[672],[6904]],[[242],[640],[6936]],[["point"],[644.4644658428443],[6940.464465842844]],[[241],[672],[6968]],[[240],[704],[7000]],[[239],[736],[7032]],[["point"],[759.0710683143112],[7056.928931685688]],[[238],[752],[7064]],[[237],[720],[7096]],[["point"],[704],[7128]],[[236],[704],[7128]],[[235],[736],[7160]],[[234],[768],[7192]],[[233],[800],[7224]],[[232],[832],[7256]],[[231],[864],[7288]],[[230],[896],[7320]],[[229],[928],[7352]],[["point"],[944],[7384]],[[228],[944],[7384]],[[227],[912],[7416]],[[226],[880],[7448]],[[225],[848],[7480]],[[224],[816],[7512]],[["point"],[820.4644658428459],[7516.464465842846]],[[223],[848],[7544]],[[222],[880],[7576]],[[221],[912],[7608]],[[220],[944],[7640]],[["point"],[959.0710683143113],[7656.928931685688]],[[219],[944],[7672]],[[218],[912],[7704]],[["gem"],[895.0710683143113],[7720.928931685688]],[[217],[880],[7736]],[[216],[848],[7768]],[[215],[816],[7800]],[["point"],[820.4644658428443],[7804.464465842844]],[[214],[848],[7832]],[[213],[880],[7864]],[["gem"],[888.9289316856887],[7872.928931685688]],[[212],[912],[7896]],[[211],[944],[7928]],[["point"],[963.5355341571557],[7956.464465842844]],[[210],[960],[7960]],[[209],[928],[7992]],[[208],[896],[8024]],[["gem"],[891.5355341571557],[8028.464465842844]],[[207],[864],[8056]],[[206],[832],[8088]],[["point"],[824.9289316856872],[8096.928931685687]],[[205],[848],[8120]],[[204],[880],[8152]],[[203],[912],[8184]],[[202],[944],[8216]],[["gem"],[952],[8224]],[[201],[976],[8248]],[[200],[1008],[8280]],[["point"],[1011.5355341571557],[8292.464465842844]],[[199],[992],[8312]],[[198],[960],[8344]],[["gem"],[944],[8360]],[[197],[928],[8376]],[[196],[896],[8408]],[[195],[864],[8440]],[[194],[832],[8472]],[[193],[800],[8504]],[[192],[768],[8536]],[["point"],[768.9289316856887],[8536.928931685688]],[[191],[800],[8568]],[[190],[832],[8600]],[[189],[864],[8632]],[[188],[896],[8664]],[[187],[928],[8696]],[[186],[960],[8728]],[["point"],[968],[8752]],[[185],[960],[8760]],[[184],[928],[8792]],[["point"],[916.4644658428443],[8812.464465842844]],[[183],[928],[8824]],[[182],[960],[8856]],[[181],[992],[8888]],[[180],[1024],[8920]],[[179],[1056],[8952]],[["gem"],[1071.071068314311],[8968.928931685688]],[["point"],[1067.5355341571556],[8972.464465842844]],[[178],[1056],[8984]],[[177],[1024],[9016]],[[176],[992],[9048]],[[175],[960],[9080]],[[174],[928],[9112]],[["gem"],[912],[9128]],[[173],[896],[9144]],[[172],[864],[9176]],[[171],[832],[9208]],[[170],[800],[9240]],[["gem"],[768],[9272]],[[169],[768],[9272]],[[168],[736],[9304]],[[167],[704],[9336]],[[166],[672],[9368]],[[165],[640],[9400]],[["gem"],[631.0710683143097],[9408.92893168569]],[[164],[608],[9432]],[[163],[576],[9464]],[[162],[544],[9496]],[[161],[512],[9528]],[["point"],[492.4644658428428],[9556.464465842842]],[[160],[496],[9560]],[[159],[528],[9592]],[[158],[560],[9624]],[["gem"],[568.9289316856887],[9632.928931685688]],[[157],[592],[9656]],[[156],[624],[9688]],[[155],[656],[9720]],[[154],[688],[9752]],[["gem"],[708.4644658428451],[9772.464465842846]],[[153],[720],[9784]],[[152],[752],[9816]],[[151],[784],[9848]],[[150],[816],[9880]],[[149],[848],[9912]],[["gem"],[860.4644658428451],[9924.464465842846]],[[148],[880],[9944]],[[147],[912],[9976]],[[146],[944],[10008]],[[145],[976],[10040]],[[144],[1008],[10072]],[["point"],[1007.0710683143113],[10072.928931685688]],[[143],[976],[10104]],[[142],[944],[10136]],[["point"],[944.9289316856887],[10136.928931685688]],[[141],[976],[10168]],[[140],[1008],[10200]],[["point"],[1003.5355341571557],[10204.464465842844]],[[139],[976],[10232]],[[138],[944],[10264]],[["point"],[932.4644658428451],[10284.464465842846]],[[137],[944],[10296]],[[136],[976],[10328]],[["point"],[995.5355341571557],[10356.464465842844]],[[135],[992],[10360]],[[134],[960],[10392]],[[133],[928],[10424]],[["point"],[932.4644658428443],[10428.464465842844]],[["gem"],[944],[10440]],[[132],[960],[10456]],[[131],[992],[10488]],[["point"],[995.5355341571557],[10500.464465842844]],[[130],[976],[10520]],[[129],[944],[10552]],[["point"],[944],[10568]],[[128],[960],[10584]],[[127],[992],[10616]],[[126],[1024],[10648]],[["point"],[1023.0710683143105],[10648.92893168569]],[[125],[992],[10680]],[[124],[960],[10712]],[["point"],[964.4644658428435],[10716.464465842844]],[[123],[992],[10744]],[[122],[1024],[10776]],[["point"],[1039.071068314311],[10792.928931685688]],[[121],[1024],[10808]],[[120],[992],[10840]],[["point"],[984],[10864]],[[119],[992],[10872]],[[118],[1024],[10904]],[[117],[1056],[10936]],[["point"],